{"flutter":{"platforms":{"android":{"default":{"projectId":"resik-49c66","appId":"1:881326400280:android:cb0d1c0455fc6791a0346d","fileOutput":"android/app/google-services.json"}},"dart":{"lib/firebase_options.dart":{"projectId":"resik-49c66","configurations":{"android":"1:881326400280:android:cb0d1c0455fc6791a0346d","ios":"1:881326400280:ios:bf554f02870c2ec7a0346d","macos":"1:881326400280:ios:bf554f02870c2ec7a0346d","web":"1:881326400280:web:366ab7f3c870a415a0346d","windows":"1:881326400280:web:e84c139760040c0ea0346d"}}}}}}